{"mse": 0.5679077989601388, "rmse": 0.7535965757354122, "mae": 0.5959907567879837, "r2": 0.4852687350211575, "variance_pct": 48.526873502115755, "accuracy_pct": 49.971114962449455}